path,true_idx,pred_idx,true_label,pred_label,confidence,correct
data/val 12/val 12/bridge/bridge701.jpg,0,0,bridge,bridge,0.7214928269386292,True
data/val 12/val 12/bridge/bridge702.jpg,0,0,bridge,bridge,0.6924301981925964,True
data/val 12/val 12/bridge/bridge703.jpg,0,0,bridge,bridge,0.6839496493339539,True
data/val 12/val 12/bridge/bridge704.jpg,0,0,bridge,bridge,0.6380717754364014,True
data/val 12/val 12/bridge/bridge705.jpg,0,0,bridge,bridge,0.6257665753364563,True
data/val 12/val 12/bridge/bridge706.jpg,0,0,bridge,bridge,0.6160442233085632,True
data/val 12/val 12/bridge/bridge707.jpg,0,0,bridge,bridge,0.7036805152893066,True
data/val 12/val 12/bridge/bridge708.jpg,0,0,bridge,bridge,0.6858044862747192,True
data/val 12/val 12/bridge/bridge709.jpg,0,0,bridge,bridge,0.7516544461250305,True
data/val 12/val 12/bridge/bridge710.jpg,0,0,bridge,bridge,0.6410535573959351,True
data/val 12/val 12/bridge/bridge711.jpg,0,0,bridge,bridge,0.7842290997505188,True
data/val 12/val 12/bridge/bridge712.jpg,0,0,bridge,bridge,0.7472252249717712,True
data/val 12/val 12/bridge/bridge713.jpg,0,0,bridge,bridge,0.6378498673439026,True
data/val 12/val 12/bridge/bridge714.jpg,0,0,bridge,bridge,0.529857873916626,True
data/val 12/val 12/bridge/bridge715.jpg,0,0,bridge,bridge,0.6541085839271545,True
data/val 12/val 12/bridge/bridge716.jpg,0,0,bridge,bridge,0.7874857783317566,True
data/val 12/val 12/bridge/bridge717.jpg,0,0,bridge,bridge,0.8256563544273376,True
data/val 12/val 12/bridge/bridge718.jpg,0,0,bridge,bridge,0.7223238348960876,True
data/val 12/val 12/bridge/bridge719.jpg,0,0,bridge,bridge,0.6942098736763,True
data/val 12/val 12/bridge/bridge720.jpg,0,0,bridge,bridge,0.7786375284194946,True
data/val 12/val 12/bridge/bridge721.jpg,0,0,bridge,bridge,0.5875569581985474,True
data/val 12/val 12/bridge/bridge722.jpg,0,0,bridge,bridge,0.4868399202823639,True
data/val 12/val 12/bridge/bridge723.jpg,0,0,bridge,bridge,0.6670334339141846,True
data/val 12/val 12/bridge/bridge724.jpg,0,0,bridge,bridge,0.6218885779380798,True
data/val 12/val 12/bridge/bridge725.jpg,0,0,bridge,bridge,0.6366755366325378,True
data/val 12/val 12/bridge/bridge726.jpg,0,0,bridge,bridge,0.430490642786026,True
data/val 12/val 12/bridge/bridge727.jpg,0,0,bridge,bridge,0.5439047813415527,True
data/val 12/val 12/bridge/bridge728.jpg,0,0,bridge,bridge,0.6257626414299011,True
data/val 12/val 12/bridge/bridge729.jpg,0,0,bridge,bridge,0.5393550992012024,True
data/val 12/val 12/bridge/bridge730.jpg,0,0,bridge,bridge,0.6283769011497498,True
data/val 12/val 12/bridge/bridge731.jpg,0,0,bridge,bridge,0.7676459550857544,True
data/val 12/val 12/bridge/bridge732.jpg,0,0,bridge,bridge,0.6009206175804138,True
data/val 12/val 12/bridge/bridge733.jpg,0,0,bridge,bridge,0.634267270565033,True
data/val 12/val 12/bridge/bridge734.jpg,0,0,bridge,bridge,0.6808198094367981,True
data/val 12/val 12/bridge/bridge735.jpg,0,0,bridge,bridge,0.6197293400764465,True
data/val 12/val 12/bridge/bridge736.jpg,0,0,bridge,bridge,0.7063473463058472,True
data/val 12/val 12/bridge/bridge737.jpg,0,0,bridge,bridge,0.7123915553092957,True
data/val 12/val 12/bridge/bridge738.jpg,0,0,bridge,bridge,0.6807006597518921,True
data/val 12/val 12/bridge/bridge739.jpg,0,0,bridge,bridge,0.6178691983222961,True
data/val 12/val 12/bridge/bridge740.jpg,0,0,bridge,bridge,0.6741474270820618,True
data/val 12/val 12/bridge/bridge741.jpg,0,0,bridge,bridge,0.6717591285705566,True
data/val 12/val 12/bridge/bridge742.jpg,0,0,bridge,bridge,0.6041430830955505,True
data/val 12/val 12/bridge/bridge743.jpg,0,0,bridge,bridge,0.7096726894378662,True
data/val 12/val 12/bridge/bridge744.jpg,0,0,bridge,bridge,0.5116022825241089,True
data/val 12/val 12/bridge/bridge745.jpg,0,0,bridge,bridge,0.5419549345970154,True
data/val 12/val 12/bridge/bridge746.jpg,0,0,bridge,bridge,0.5388359427452087,True
data/val 12/val 12/bridge/bridge747.jpg,0,0,bridge,bridge,0.7161664366722107,True
data/val 12/val 12/bridge/bridge748.jpg,0,2,bridge,overpass,0.430564820766449,False
data/val 12/val 12/bridge/bridge749.jpg,0,2,bridge,overpass,0.39190366864204407,False
data/val 12/val 12/bridge/bridge750.jpg,0,0,bridge,bridge,0.5465971827507019,True
data/val 12/val 12/bridge/bridge751.jpg,0,0,bridge,bridge,0.3754231631755829,True
data/val 12/val 12/bridge/bridge752.jpg,0,0,bridge,bridge,0.7496019005775452,True
data/val 12/val 12/bridge/bridge753.jpg,0,0,bridge,bridge,0.8102385401725769,True
data/val 12/val 12/bridge/bridge754.jpg,0,0,bridge,bridge,0.732243537902832,True
data/val 12/val 12/bridge/bridge755.jpg,0,0,bridge,bridge,0.6517863869667053,True
data/val 12/val 12/bridge/bridge756.jpg,0,0,bridge,bridge,0.6209948062896729,True
data/val 12/val 12/bridge/bridge757.jpg,0,0,bridge,bridge,0.5728271007537842,True
data/val 12/val 12/bridge/bridge758.jpg,0,0,bridge,bridge,0.52777498960495,True
data/val 12/val 12/bridge/bridge759.jpg,0,0,bridge,bridge,0.4462381601333618,True
data/val 12/val 12/bridge/bridge760.jpg,0,0,bridge,bridge,0.534217119216919,True
data/val 12/val 12/bridge/bridge761.jpg,0,0,bridge,bridge,0.4632737338542938,True
data/val 12/val 12/bridge/bridge762.jpg,0,0,bridge,bridge,0.49925824999809265,True
data/val 12/val 12/bridge/bridge763.jpg,0,0,bridge,bridge,0.4837232828140259,True
data/val 12/val 12/bridge/bridge764.jpg,0,0,bridge,bridge,0.5726208686828613,True
data/val 12/val 12/bridge/bridge765.jpg,0,0,bridge,bridge,0.4827980399131775,True
data/val 12/val 12/bridge/bridge766.jpg,0,0,bridge,bridge,0.4725414514541626,True
data/val 12/val 12/bridge/bridge767.jpg,0,0,bridge,bridge,0.5603426098823547,True
data/val 12/val 12/bridge/bridge768.jpg,0,0,bridge,bridge,0.617742657661438,True
data/val 12/val 12/bridge/bridge769.jpg,0,0,bridge,bridge,0.5222311019897461,True
data/val 12/val 12/bridge/bridge770.jpg,0,0,bridge,bridge,0.46692633628845215,True
data/val 12/val 12/bridge/bridge771.jpg,0,0,bridge,bridge,0.4787253141403198,True
data/val 12/val 12/bridge/bridge772.jpg,0,0,bridge,bridge,0.43170881271362305,True
data/val 12/val 12/bridge/bridge773.jpg,0,0,bridge,bridge,0.561260998249054,True
data/val 12/val 12/bridge/bridge774.jpg,0,0,bridge,bridge,0.5875276923179626,True
data/val 12/val 12/bridge/bridge775.jpg,0,0,bridge,bridge,0.6480058431625366,True
data/val 12/val 12/bridge/bridge776.jpg,0,0,bridge,bridge,0.5638863444328308,True
data/val 12/val 12/bridge/bridge777.jpg,0,0,bridge,bridge,0.6041694283485413,True
data/val 12/val 12/bridge/bridge778.jpg,0,0,bridge,bridge,0.6178734302520752,True
data/val 12/val 12/bridge/bridge779.jpg,0,0,bridge,bridge,0.6452262997627258,True
data/val 12/val 12/bridge/bridge780.jpg,0,0,bridge,bridge,0.6375370621681213,True
data/val 12/val 12/bridge/bridge781.jpg,0,0,bridge,bridge,0.563757061958313,True
data/val 12/val 12/bridge/bridge782.jpg,0,0,bridge,bridge,0.5559659600257874,True
data/val 12/val 12/bridge/bridge783.jpg,0,0,bridge,bridge,0.4848981499671936,True
data/val 12/val 12/bridge/bridge784.jpg,0,0,bridge,bridge,0.640326738357544,True
data/val 12/val 12/bridge/bridge785.jpg,0,0,bridge,bridge,0.6814037561416626,True
data/val 12/val 12/bridge/bridge786.jpg,0,0,bridge,bridge,0.6514707207679749,True
data/val 12/val 12/bridge/bridge787.jpg,0,0,bridge,bridge,0.6725308895111084,True
data/val 12/val 12/bridge/bridge788.jpg,0,0,bridge,bridge,0.5471280217170715,True
data/val 12/val 12/bridge/bridge789.jpg,0,0,bridge,bridge,0.5906898975372314,True
data/val 12/val 12/bridge/bridge790.jpg,0,0,bridge,bridge,0.5104637742042542,True
data/val 12/val 12/bridge/bridge791.jpg,0,0,bridge,bridge,0.6144766807556152,True
data/val 12/val 12/bridge/bridge792.jpg,0,0,bridge,bridge,0.5765411257743835,True
data/val 12/val 12/bridge/bridge793.jpg,0,0,bridge,bridge,0.8282303214073181,True
data/val 12/val 12/bridge/bridge794.jpg,0,0,bridge,bridge,0.8175708651542664,True
data/val 12/val 12/bridge/bridge795.jpg,0,0,bridge,bridge,0.8018959760665894,True
data/val 12/val 12/bridge/bridge796.jpg,0,0,bridge,bridge,0.8709011673927307,True
data/val 12/val 12/bridge/bridge797.jpg,0,0,bridge,bridge,0.8208540678024292,True
data/val 12/val 12/bridge/bridge798.jpg,0,0,bridge,bridge,0.8333324790000916,True
data/val 12/val 12/bridge/bridge799.jpg,0,0,bridge,bridge,0.7683200836181641,True
data/val 12/val 12/bridge/bridge800.jpg,0,0,bridge,bridge,0.7744734287261963,True
data/val 12/val 12/freeway/freeway701.jpg,1,1,freeway,freeway,0.7530725002288818,True
data/val 12/val 12/freeway/freeway702.jpg,1,1,freeway,freeway,0.5132438540458679,True
data/val 12/val 12/freeway/freeway703.jpg,1,1,freeway,freeway,0.6412202715873718,True
data/val 12/val 12/freeway/freeway704.jpg,1,1,freeway,freeway,0.7175968289375305,True
data/val 12/val 12/freeway/freeway705.jpg,1,1,freeway,freeway,0.7041301727294922,True
data/val 12/val 12/freeway/freeway706.jpg,1,1,freeway,freeway,0.7299512028694153,True
data/val 12/val 12/freeway/freeway707.jpg,1,1,freeway,freeway,0.6831814646720886,True
data/val 12/val 12/freeway/freeway708.jpg,1,1,freeway,freeway,0.47407639026641846,True
data/val 12/val 12/freeway/freeway709.jpg,1,1,freeway,freeway,0.6758611798286438,True
data/val 12/val 12/freeway/freeway710.jpg,1,1,freeway,freeway,0.7466978430747986,True
data/val 12/val 12/freeway/freeway711.jpg,1,1,freeway,freeway,0.7015199661254883,True
data/val 12/val 12/freeway/freeway712.jpg,1,1,freeway,freeway,0.614740252494812,True
data/val 12/val 12/freeway/freeway713.jpg,1,1,freeway,freeway,0.861231803894043,True
data/val 12/val 12/freeway/freeway714.jpg,1,1,freeway,freeway,0.8842967748641968,True
data/val 12/val 12/freeway/freeway715.jpg,1,1,freeway,freeway,0.917191743850708,True
data/val 12/val 12/freeway/freeway716.jpg,1,1,freeway,freeway,0.7935495376586914,True
data/val 12/val 12/freeway/freeway717.jpg,1,1,freeway,freeway,0.7462484836578369,True
data/val 12/val 12/freeway/freeway718.jpg,1,1,freeway,freeway,0.8979718685150146,True
data/val 12/val 12/freeway/freeway719.jpg,1,1,freeway,freeway,0.8416582942008972,True
data/val 12/val 12/freeway/freeway720.jpg,1,1,freeway,freeway,0.43353399634361267,True
data/val 12/val 12/freeway/freeway721.jpg,1,1,freeway,freeway,0.7442187666893005,True
data/val 12/val 12/freeway/freeway722.jpg,1,1,freeway,freeway,0.6892355680465698,True
data/val 12/val 12/freeway/freeway723.jpg,1,1,freeway,freeway,0.6806848049163818,True
data/val 12/val 12/freeway/freeway724.jpg,1,1,freeway,freeway,0.4454185664653778,True
data/val 12/val 12/freeway/freeway725.jpg,1,1,freeway,freeway,0.5951489806175232,True
data/val 12/val 12/freeway/freeway726.jpg,1,1,freeway,freeway,0.7385258674621582,True
data/val 12/val 12/freeway/freeway727.jpg,1,1,freeway,freeway,0.7438197135925293,True
data/val 12/val 12/freeway/freeway728.jpg,1,1,freeway,freeway,0.690555989742279,True
data/val 12/val 12/freeway/freeway729.jpg,1,1,freeway,freeway,0.7797520756721497,True
data/val 12/val 12/freeway/freeway730.jpg,1,1,freeway,freeway,0.7142713069915771,True
data/val 12/val 12/freeway/freeway731.jpg,1,1,freeway,freeway,0.7584788799285889,True
data/val 12/val 12/freeway/freeway732.jpg,1,1,freeway,freeway,0.7470800280570984,True
data/val 12/val 12/freeway/freeway733.jpg,1,1,freeway,freeway,0.7674914598464966,True
data/val 12/val 12/freeway/freeway734.jpg,1,1,freeway,freeway,0.7012519836425781,True
data/val 12/val 12/freeway/freeway735.jpg,1,1,freeway,freeway,0.6630986332893372,True
data/val 12/val 12/freeway/freeway736.jpg,1,1,freeway,freeway,0.8055324554443359,True
data/val 12/val 12/freeway/freeway737.jpg,1,1,freeway,freeway,0.6595291495323181,True
data/val 12/val 12/freeway/freeway738.jpg,1,1,freeway,freeway,0.7816411256790161,True
data/val 12/val 12/freeway/freeway739.jpg,1,1,freeway,freeway,0.6644875407218933,True
data/val 12/val 12/freeway/freeway740.jpg,1,1,freeway,freeway,0.7107459306716919,True
data/val 12/val 12/freeway/freeway741.jpg,1,1,freeway,freeway,0.6082445979118347,True
data/val 12/val 12/freeway/freeway742.jpg,1,1,freeway,freeway,0.4989873468875885,True
data/val 12/val 12/freeway/freeway743.jpg,1,1,freeway,freeway,0.4462122321128845,True
data/val 12/val 12/freeway/freeway744.jpg,1,1,freeway,freeway,0.3883443772792816,True
data/val 12/val 12/freeway/freeway745.jpg,1,1,freeway,freeway,0.6904977560043335,True
data/val 12/val 12/freeway/freeway746.jpg,1,1,freeway,freeway,0.7313567399978638,True
data/val 12/val 12/freeway/freeway747.jpg,1,1,freeway,freeway,0.38837096095085144,True
data/val 12/val 12/freeway/freeway748.jpg,1,1,freeway,freeway,0.8383650183677673,True
data/val 12/val 12/freeway/freeway749.jpg,1,1,freeway,freeway,0.6231158971786499,True
data/val 12/val 12/freeway/freeway750.jpg,1,1,freeway,freeway,0.638300895690918,True
data/val 12/val 12/freeway/freeway751.jpg,1,1,freeway,freeway,0.48462390899658203,True
data/val 12/val 12/freeway/freeway752.jpg,1,1,freeway,freeway,0.7466064095497131,True
data/val 12/val 12/freeway/freeway753.jpg,1,1,freeway,freeway,0.6833158135414124,True
data/val 12/val 12/freeway/freeway754.jpg,1,1,freeway,freeway,0.6476227045059204,True
data/val 12/val 12/freeway/freeway755.jpg,1,1,freeway,freeway,0.6217772960662842,True
data/val 12/val 12/freeway/freeway756.jpg,1,2,freeway,overpass,0.5625605583190918,False
data/val 12/val 12/freeway/freeway757.jpg,1,1,freeway,freeway,0.5521824359893799,True
data/val 12/val 12/freeway/freeway758.jpg,1,1,freeway,freeway,0.5199896097183228,True
data/val 12/val 12/freeway/freeway759.jpg,1,1,freeway,freeway,0.5980046391487122,True
data/val 12/val 12/freeway/freeway760.jpg,1,1,freeway,freeway,0.6613345146179199,True
data/val 12/val 12/freeway/freeway761.jpg,1,1,freeway,freeway,0.7600071430206299,True
data/val 12/val 12/freeway/freeway762.jpg,1,1,freeway,freeway,0.6280343532562256,True
data/val 12/val 12/freeway/freeway763.jpg,1,1,freeway,freeway,0.7333818674087524,True
data/val 12/val 12/freeway/freeway764.jpg,1,2,freeway,overpass,0.4359062612056732,False
data/val 12/val 12/freeway/freeway765.jpg,1,1,freeway,freeway,0.6708310842514038,True
data/val 12/val 12/freeway/freeway766.jpg,1,2,freeway,overpass,0.5416140556335449,False
data/val 12/val 12/freeway/freeway767.jpg,1,1,freeway,freeway,0.5072743892669678,True
data/val 12/val 12/freeway/freeway768.jpg,1,2,freeway,overpass,0.46259912848472595,False
data/val 12/val 12/freeway/freeway769.jpg,1,1,freeway,freeway,0.7106939554214478,True
data/val 12/val 12/freeway/freeway770.jpg,1,1,freeway,freeway,0.681899905204773,True
data/val 12/val 12/freeway/freeway771.jpg,1,1,freeway,freeway,0.721331775188446,True
data/val 12/val 12/freeway/freeway772.jpg,1,1,freeway,freeway,0.44667893648147583,True
data/val 12/val 12/freeway/freeway773.jpg,1,1,freeway,freeway,0.5724702477455139,True
data/val 12/val 12/freeway/freeway774.jpg,1,1,freeway,freeway,0.7953791618347168,True
data/val 12/val 12/freeway/freeway775.jpg,1,1,freeway,freeway,0.6681665182113647,True
data/val 12/val 12/freeway/freeway776.jpg,1,1,freeway,freeway,0.6598128080368042,True
data/val 12/val 12/freeway/freeway777.jpg,1,1,freeway,freeway,0.6075814962387085,True
data/val 12/val 12/freeway/freeway778.jpg,1,1,freeway,freeway,0.7856873869895935,True
data/val 12/val 12/freeway/freeway779.jpg,1,1,freeway,freeway,0.5466736555099487,True
data/val 12/val 12/freeway/freeway780.jpg,1,1,freeway,freeway,0.7690955400466919,True
data/val 12/val 12/freeway/freeway781.jpg,1,1,freeway,freeway,0.783740222454071,True
data/val 12/val 12/freeway/freeway782.jpg,1,1,freeway,freeway,0.7271009683609009,True
data/val 12/val 12/freeway/freeway783.jpg,1,2,freeway,overpass,0.422770231962204,False
data/val 12/val 12/freeway/freeway784.jpg,1,1,freeway,freeway,0.5985841155052185,True
data/val 12/val 12/freeway/freeway785.jpg,1,1,freeway,freeway,0.7277970910072327,True
data/val 12/val 12/freeway/freeway786.jpg,1,1,freeway,freeway,0.7236742377281189,True
data/val 12/val 12/freeway/freeway787.jpg,1,1,freeway,freeway,0.6695195436477661,True
data/val 12/val 12/freeway/freeway788.jpg,1,1,freeway,freeway,0.6650106310844421,True
data/val 12/val 12/freeway/freeway789.jpg,1,1,freeway,freeway,0.6691371202468872,True
data/val 12/val 12/freeway/freeway790.jpg,1,1,freeway,freeway,0.558237612247467,True
data/val 12/val 12/freeway/freeway791.jpg,1,1,freeway,freeway,0.6547557711601257,True
data/val 12/val 12/freeway/freeway792.jpg,1,1,freeway,freeway,0.4989669919013977,True
data/val 12/val 12/freeway/freeway793.jpg,1,1,freeway,freeway,0.676878035068512,True
data/val 12/val 12/freeway/freeway794.jpg,1,1,freeway,freeway,0.7642542719841003,True
data/val 12/val 12/freeway/freeway795.jpg,1,1,freeway,freeway,0.7174524068832397,True
data/val 12/val 12/freeway/freeway796.jpg,1,1,freeway,freeway,0.5993262529373169,True
data/val 12/val 12/freeway/freeway797.jpg,1,1,freeway,freeway,0.42496493458747864,True
data/val 12/val 12/freeway/freeway798.jpg,1,1,freeway,freeway,0.4074528217315674,True
data/val 12/val 12/freeway/freeway799.jpg,1,1,freeway,freeway,0.7209041714668274,True
data/val 12/val 12/freeway/freeway800.jpg,1,1,freeway,freeway,0.7979018092155457,True
data/val 12/val 12/overpass/overpass701.jpg,2,2,overpass,overpass,0.8764466643333435,True
data/val 12/val 12/overpass/overpass702.jpg,2,2,overpass,overpass,0.8101081848144531,True
data/val 12/val 12/overpass/overpass703.jpg,2,2,overpass,overpass,0.7497153282165527,True
data/val 12/val 12/overpass/overpass704.jpg,2,2,overpass,overpass,0.8311442732810974,True
data/val 12/val 12/overpass/overpass705.jpg,2,2,overpass,overpass,0.7065812945365906,True
data/val 12/val 12/overpass/overpass706.jpg,2,2,overpass,overpass,0.8703866600990295,True
data/val 12/val 12/overpass/overpass707.jpg,2,2,overpass,overpass,0.6788913607597351,True
data/val 12/val 12/overpass/overpass708.jpg,2,2,overpass,overpass,0.5889146327972412,True
data/val 12/val 12/overpass/overpass709.jpg,2,2,overpass,overpass,0.7378300428390503,True
data/val 12/val 12/overpass/overpass710.jpg,2,2,overpass,overpass,0.837070643901825,True
data/val 12/val 12/overpass/overpass711.jpg,2,2,overpass,overpass,0.6691537499427795,True
data/val 12/val 12/overpass/overpass712.jpg,2,2,overpass,overpass,0.9205656051635742,True
data/val 12/val 12/overpass/overpass713.jpg,2,2,overpass,overpass,0.7452650666236877,True
data/val 12/val 12/overpass/overpass714.jpg,2,2,overpass,overpass,0.8130233287811279,True
data/val 12/val 12/overpass/overpass715.jpg,2,2,overpass,overpass,0.5944006443023682,True
data/val 12/val 12/overpass/overpass716.jpg,2,2,overpass,overpass,0.7119405269622803,True
data/val 12/val 12/overpass/overpass717.jpg,2,2,overpass,overpass,0.8703218698501587,True
data/val 12/val 12/overpass/overpass718.jpg,2,2,overpass,overpass,0.847868025302887,True
data/val 12/val 12/overpass/overpass719.jpg,2,2,overpass,overpass,0.7201856970787048,True
data/val 12/val 12/overpass/overpass720.jpg,2,2,overpass,overpass,0.8153825998306274,True
data/val 12/val 12/overpass/overpass721.jpg,2,2,overpass,overpass,0.7316789031028748,True
data/val 12/val 12/overpass/overpass722.jpg,2,2,overpass,overpass,0.8268502950668335,True
data/val 12/val 12/overpass/overpass723.jpg,2,2,overpass,overpass,0.827330470085144,True
data/val 12/val 12/overpass/overpass724.jpg,2,2,overpass,overpass,0.9021804928779602,True
data/val 12/val 12/overpass/overpass725.jpg,2,2,overpass,overpass,0.7762470841407776,True
data/val 12/val 12/overpass/overpass726.jpg,2,2,overpass,overpass,0.804456889629364,True
data/val 12/val 12/overpass/overpass727.jpg,2,2,overpass,overpass,0.8985137343406677,True
data/val 12/val 12/overpass/overpass728.jpg,2,2,overpass,overpass,0.8922801613807678,True
data/val 12/val 12/overpass/overpass729.jpg,2,2,overpass,overpass,0.8788474798202515,True
data/val 12/val 12/overpass/overpass730.jpg,2,2,overpass,overpass,0.8654316067695618,True
data/val 12/val 12/overpass/overpass731.jpg,2,2,overpass,overpass,0.9120527505874634,True
data/val 12/val 12/overpass/overpass732.jpg,2,2,overpass,overpass,0.8108386993408203,True
data/val 12/val 12/overpass/overpass733.jpg,2,2,overpass,overpass,0.8701139092445374,True
data/val 12/val 12/overpass/overpass734.jpg,2,2,overpass,overpass,0.9027365446090698,True
data/val 12/val 12/overpass/overpass735.jpg,2,2,overpass,overpass,0.8637636303901672,True
data/val 12/val 12/overpass/overpass736.jpg,2,2,overpass,overpass,0.8832826614379883,True
data/val 12/val 12/overpass/overpass737.jpg,2,2,overpass,overpass,0.8880541920661926,True
data/val 12/val 12/overpass/overpass738.jpg,2,2,overpass,overpass,0.870326042175293,True
data/val 12/val 12/overpass/overpass739.jpg,2,2,overpass,overpass,0.9016356468200684,True
data/val 12/val 12/overpass/overpass740.jpg,2,2,overpass,overpass,0.8516004681587219,True
data/val 12/val 12/overpass/overpass741.jpg,2,2,overpass,overpass,0.8570308089256287,True
data/val 12/val 12/overpass/overpass742.jpg,2,2,overpass,overpass,0.9107536673545837,True
data/val 12/val 12/overpass/overpass743.jpg,2,2,overpass,overpass,0.8979280591011047,True
data/val 12/val 12/overpass/overpass744.jpg,2,2,overpass,overpass,0.8027779459953308,True
data/val 12/val 12/overpass/overpass745.jpg,2,2,overpass,overpass,0.8894439935684204,True
data/val 12/val 12/overpass/overpass746.jpg,2,2,overpass,overpass,0.8518365025520325,True
data/val 12/val 12/overpass/overpass747.jpg,2,2,overpass,overpass,0.8334831595420837,True
data/val 12/val 12/overpass/overpass748.jpg,2,2,overpass,overpass,0.8336020112037659,True
data/val 12/val 12/overpass/overpass749.jpg,2,2,overpass,overpass,0.8998375535011292,True
data/val 12/val 12/overpass/overpass750.jpg,2,2,overpass,overpass,0.8620660901069641,True
data/val 12/val 12/overpass/overpass751.jpg,2,2,overpass,overpass,0.878078043460846,True
data/val 12/val 12/overpass/overpass752.jpg,2,2,overpass,overpass,0.8515298366546631,True
data/val 12/val 12/overpass/overpass753.jpg,2,2,overpass,overpass,0.797635018825531,True
data/val 12/val 12/overpass/overpass754.jpg,2,2,overpass,overpass,0.8483239412307739,True
data/val 12/val 12/overpass/overpass755.jpg,2,2,overpass,overpass,0.8583023548126221,True
data/val 12/val 12/overpass/overpass756.jpg,2,2,overpass,overpass,0.8368944525718689,True
data/val 12/val 12/overpass/overpass757.jpg,2,2,overpass,overpass,0.6803827285766602,True
data/val 12/val 12/overpass/overpass758.jpg,2,2,overpass,overpass,0.8169894814491272,True
data/val 12/val 12/overpass/overpass759.jpg,2,2,overpass,overpass,0.7744947075843811,True
data/val 12/val 12/overpass/overpass760.jpg,2,2,overpass,overpass,0.8232769966125488,True
data/val 12/val 12/overpass/overpass761.jpg,2,2,overpass,overpass,0.9055042862892151,True
data/val 12/val 12/overpass/overpass762.jpg,2,2,overpass,overpass,0.8712207078933716,True
data/val 12/val 12/overpass/overpass763.jpg,2,2,overpass,overpass,0.8485236167907715,True
data/val 12/val 12/overpass/overpass764.jpg,2,2,overpass,overpass,0.8947526216506958,True
data/val 12/val 12/overpass/overpass765.jpg,2,2,overpass,overpass,0.8360540866851807,True
data/val 12/val 12/overpass/overpass766.jpg,2,2,overpass,overpass,0.7784339785575867,True
data/val 12/val 12/overpass/overpass767.jpg,2,2,overpass,overpass,0.7100188136100769,True
data/val 12/val 12/overpass/overpass768.jpg,2,2,overpass,overpass,0.7970254421234131,True
data/val 12/val 12/overpass/overpass769.jpg,2,2,overpass,overpass,0.8714181184768677,True
data/val 12/val 12/overpass/overpass770.jpg,2,2,overpass,overpass,0.8794153928756714,True
data/val 12/val 12/overpass/overpass771.jpg,2,2,overpass,overpass,0.9127586483955383,True
data/val 12/val 12/overpass/overpass772.jpg,2,2,overpass,overpass,0.8987403512001038,True
data/val 12/val 12/overpass/overpass773.jpg,2,2,overpass,overpass,0.8293120265007019,True
data/val 12/val 12/overpass/overpass774.jpg,2,2,overpass,overpass,0.908391535282135,True
data/val 12/val 12/overpass/overpass775.jpg,2,2,overpass,overpass,0.8906388878822327,True
data/val 12/val 12/overpass/overpass776.jpg,2,2,overpass,overpass,0.7624690532684326,True
data/val 12/val 12/overpass/overpass777.jpg,2,2,overpass,overpass,0.8256649971008301,True
data/val 12/val 12/overpass/overpass778.jpg,2,2,overpass,overpass,0.8335341215133667,True
data/val 12/val 12/overpass/overpass779.jpg,2,2,overpass,overpass,0.8163689970970154,True
data/val 12/val 12/overpass/overpass780.jpg,2,2,overpass,overpass,0.8493536114692688,True
data/val 12/val 12/overpass/overpass781.jpg,2,2,overpass,overpass,0.8970955610275269,True
data/val 12/val 12/overpass/overpass782.jpg,2,2,overpass,overpass,0.8731868267059326,True
data/val 12/val 12/overpass/overpass783.jpg,2,2,overpass,overpass,0.8966954946517944,True
data/val 12/val 12/overpass/overpass784.jpg,2,2,overpass,overpass,0.8964073061943054,True
data/val 12/val 12/overpass/overpass785.jpg,2,2,overpass,overpass,0.8700463771820068,True
data/val 12/val 12/overpass/overpass786.jpg,2,2,overpass,overpass,0.9009946584701538,True
data/val 12/val 12/overpass/overpass787.jpg,2,2,overpass,overpass,0.8525711894035339,True
data/val 12/val 12/overpass/overpass788.jpg,2,2,overpass,overpass,0.8879237174987793,True
data/val 12/val 12/overpass/overpass789.jpg,2,2,overpass,overpass,0.8871742486953735,True
data/val 12/val 12/overpass/overpass790.jpg,2,2,overpass,overpass,0.8924899101257324,True
data/val 12/val 12/overpass/overpass791.jpg,2,2,overpass,overpass,0.8464526534080505,True
data/val 12/val 12/overpass/overpass792.jpg,2,2,overpass,overpass,0.807432234287262,True
data/val 12/val 12/overpass/overpass793.jpg,2,2,overpass,overpass,0.8476172089576721,True
data/val 12/val 12/overpass/overpass794.jpg,2,2,overpass,overpass,0.891166090965271,True
data/val 12/val 12/overpass/overpass795.jpg,2,2,overpass,overpass,0.8191173672676086,True
data/val 12/val 12/overpass/overpass796.jpg,2,2,overpass,overpass,0.8695505261421204,True
data/val 12/val 12/overpass/overpass797.jpg,2,2,overpass,overpass,0.6268381476402283,True
data/val 12/val 12/overpass/overpass798.jpg,2,2,overpass,overpass,0.8496057391166687,True
data/val 12/val 12/overpass/overpass799.jpg,2,2,overpass,overpass,0.8385840058326721,True
data/val 12/val 12/overpass/overpass800.jpg,2,2,overpass,overpass,0.8150200247764587,True
data/val 12/val 12/railway/railway701.jpg,3,3,railway,railway,0.6379383206367493,True
data/val 12/val 12/railway/railway702.jpg,3,3,railway,railway,0.7897672653198242,True
data/val 12/val 12/railway/railway703.jpg,3,3,railway,railway,0.8246057033538818,True
data/val 12/val 12/railway/railway704.jpg,3,3,railway,railway,0.7519230842590332,True
data/val 12/val 12/railway/railway705.jpg,3,3,railway,railway,0.7575646638870239,True
data/val 12/val 12/railway/railway706.jpg,3,3,railway,railway,0.6074417233467102,True
data/val 12/val 12/railway/railway707.jpg,3,3,railway,railway,0.4427741765975952,True
data/val 12/val 12/railway/railway708.jpg,3,3,railway,railway,0.7147958874702454,True
data/val 12/val 12/railway/railway709.jpg,3,3,railway,railway,0.7503672242164612,True
data/val 12/val 12/railway/railway710.jpg,3,3,railway,railway,0.5536075234413147,True
data/val 12/val 12/railway/railway711.jpg,3,3,railway,railway,0.8470311760902405,True
data/val 12/val 12/railway/railway712.jpg,3,3,railway,railway,0.6423908472061157,True
data/val 12/val 12/railway/railway713.jpg,3,3,railway,railway,0.7030847072601318,True
data/val 12/val 12/railway/railway714.jpg,3,2,railway,overpass,0.5370806455612183,False
data/val 12/val 12/railway/railway715.jpg,3,3,railway,railway,0.8121175169944763,True
data/val 12/val 12/railway/railway716.jpg,3,3,railway,railway,0.840570330619812,True
data/val 12/val 12/railway/railway717.jpg,3,3,railway,railway,0.7068635821342468,True
data/val 12/val 12/railway/railway718.jpg,3,3,railway,railway,0.8203979134559631,True
data/val 12/val 12/railway/railway719.jpg,3,3,railway,railway,0.8584471344947815,True
data/val 12/val 12/railway/railway720.jpg,3,3,railway,railway,0.6086757779121399,True
data/val 12/val 12/railway/railway721.jpg,3,3,railway,railway,0.8976797461509705,True
data/val 12/val 12/railway/railway722.jpg,3,3,railway,railway,0.6586668491363525,True
data/val 12/val 12/railway/railway723.jpg,3,3,railway,railway,0.7697861790657043,True
data/val 12/val 12/railway/railway724.jpg,3,3,railway,railway,0.7202168703079224,True
data/val 12/val 12/railway/railway725.jpg,3,3,railway,railway,0.84967041015625,True
data/val 12/val 12/railway/railway726.jpg,3,3,railway,railway,0.7962092161178589,True
data/val 12/val 12/railway/railway727.jpg,3,3,railway,railway,0.6803380250930786,True
data/val 12/val 12/railway/railway728.jpg,3,3,railway,railway,0.7155296802520752,True
data/val 12/val 12/railway/railway729.jpg,3,3,railway,railway,0.6398445963859558,True
data/val 12/val 12/railway/railway730.jpg,3,3,railway,railway,0.6729244589805603,True
data/val 12/val 12/railway/railway731.jpg,3,3,railway,railway,0.6931368708610535,True
data/val 12/val 12/railway/railway732.jpg,3,3,railway,railway,0.6866002082824707,True
data/val 12/val 12/railway/railway733.jpg,3,3,railway,railway,0.5627209544181824,True
data/val 12/val 12/railway/railway734.jpg,3,3,railway,railway,0.697157084941864,True
data/val 12/val 12/railway/railway735.jpg,3,3,railway,railway,0.7822612524032593,True
data/val 12/val 12/railway/railway736.jpg,3,3,railway,railway,0.7273848056793213,True
data/val 12/val 12/railway/railway737.jpg,3,3,railway,railway,0.7677944302558899,True
data/val 12/val 12/railway/railway738.jpg,3,3,railway,railway,0.8006266355514526,True
data/val 12/val 12/railway/railway739.jpg,3,3,railway,railway,0.8326370120048523,True
data/val 12/val 12/railway/railway740.jpg,3,3,railway,railway,0.8007174134254456,True
data/val 12/val 12/railway/railway741.jpg,3,3,railway,railway,0.6811031699180603,True
data/val 12/val 12/railway/railway742.jpg,3,3,railway,railway,0.6628221273422241,True
data/val 12/val 12/railway/railway743.jpg,3,3,railway,railway,0.8361369967460632,True
data/val 12/val 12/railway/railway744.jpg,3,3,railway,railway,0.7894477844238281,True
data/val 12/val 12/railway/railway745.jpg,3,3,railway,railway,0.5857535600662231,True
data/val 12/val 12/railway/railway746.jpg,3,3,railway,railway,0.7289513945579529,True
data/val 12/val 12/railway/railway747.jpg,3,3,railway,railway,0.7831757068634033,True
data/val 12/val 12/railway/railway748.jpg,3,3,railway,railway,0.6930810213088989,True
data/val 12/val 12/railway/railway749.jpg,3,3,railway,railway,0.7200397253036499,True
data/val 12/val 12/railway/railway750.jpg,3,3,railway,railway,0.8260107040405273,True
data/val 12/val 12/railway/railway751.jpg,3,3,railway,railway,0.6014119386672974,True
data/val 12/val 12/railway/railway752.jpg,3,3,railway,railway,0.6669719815254211,True
data/val 12/val 12/railway/railway753.jpg,3,3,railway,railway,0.8421701192855835,True
data/val 12/val 12/railway/railway754.jpg,3,3,railway,railway,0.8284336924552917,True
data/val 12/val 12/railway/railway755.jpg,3,3,railway,railway,0.8757597804069519,True
data/val 12/val 12/railway/railway756.jpg,3,3,railway,railway,0.705930769443512,True
data/val 12/val 12/railway/railway757.jpg,3,3,railway,railway,0.8250323534011841,True
data/val 12/val 12/railway/railway758.jpg,3,3,railway,railway,0.7589834332466125,True
data/val 12/val 12/railway/railway759.jpg,3,3,railway,railway,0.7910494804382324,True
data/val 12/val 12/railway/railway760.jpg,3,3,railway,railway,0.6715052723884583,True
data/val 12/val 12/railway/railway761.jpg,3,3,railway,railway,0.806867241859436,True
data/val 12/val 12/railway/railway762.jpg,3,3,railway,railway,0.5583069324493408,True
data/val 12/val 12/railway/railway763.jpg,3,3,railway,railway,0.8035252690315247,True
data/val 12/val 12/railway/railway764.jpg,3,3,railway,railway,0.8817647099494934,True
data/val 12/val 12/railway/railway765.jpg,3,3,railway,railway,0.8060356378555298,True
data/val 12/val 12/railway/railway766.jpg,3,3,railway,railway,0.8444233536720276,True
data/val 12/val 12/railway/railway767.jpg,3,3,railway,railway,0.7877788543701172,True
data/val 12/val 12/railway/railway768.jpg,3,3,railway,railway,0.847136914730072,True
data/val 12/val 12/railway/railway769.jpg,3,3,railway,railway,0.8150011301040649,True
data/val 12/val 12/railway/railway770.jpg,3,3,railway,railway,0.6891788840293884,True
data/val 12/val 12/railway/railway771.jpg,3,3,railway,railway,0.8002694249153137,True
data/val 12/val 12/railway/railway772.jpg,3,3,railway,railway,0.8449057340621948,True
data/val 12/val 12/railway/railway773.jpg,3,3,railway,railway,0.819837212562561,True
data/val 12/val 12/railway/railway774.jpg,3,3,railway,railway,0.7776030898094177,True
data/val 12/val 12/railway/railway775.jpg,3,3,railway,railway,0.7009522318840027,True
data/val 12/val 12/railway/railway776.jpg,3,3,railway,railway,0.774681806564331,True
data/val 12/val 12/railway/railway777.jpg,3,3,railway,railway,0.7762233018875122,True
data/val 12/val 12/railway/railway778.jpg,3,3,railway,railway,0.7665184140205383,True
data/val 12/val 12/railway/railway779.jpg,3,3,railway,railway,0.7062147259712219,True
data/val 12/val 12/railway/railway780.jpg,3,3,railway,railway,0.8492914438247681,True
data/val 12/val 12/railway/railway781.jpg,3,3,railway,railway,0.6868817806243896,True
data/val 12/val 12/railway/railway782.jpg,3,3,railway,railway,0.7771753072738647,True
data/val 12/val 12/railway/railway783.jpg,3,3,railway,railway,0.7691230773925781,True
data/val 12/val 12/railway/railway784.jpg,3,3,railway,railway,0.8528616428375244,True
data/val 12/val 12/railway/railway785.jpg,3,3,railway,railway,0.8181270360946655,True
data/val 12/val 12/railway/railway786.jpg,3,3,railway,railway,0.766275942325592,True
data/val 12/val 12/railway/railway787.jpg,3,3,railway,railway,0.7536184191703796,True
data/val 12/val 12/railway/railway788.jpg,3,3,railway,railway,0.7870166301727295,True
data/val 12/val 12/railway/railway789.jpg,3,3,railway,railway,0.7342100143432617,True
data/val 12/val 12/railway/railway790.jpg,3,3,railway,railway,0.5303164124488831,True
data/val 12/val 12/railway/railway791.jpg,3,3,railway,railway,0.8210151195526123,True
data/val 12/val 12/railway/railway792.jpg,3,3,railway,railway,0.7299714684486389,True
data/val 12/val 12/railway/railway793.jpg,3,3,railway,railway,0.7129359841346741,True
data/val 12/val 12/railway/railway794.jpg,3,3,railway,railway,0.7571715116500854,True
data/val 12/val 12/railway/railway795.jpg,3,3,railway,railway,0.6212751269340515,True
data/val 12/val 12/railway/railway796.jpg,3,3,railway,railway,0.7976121306419373,True
data/val 12/val 12/railway/railway797.jpg,3,3,railway,railway,0.7304365634918213,True
data/val 12/val 12/railway/railway798.jpg,3,3,railway,railway,0.6086876392364502,True
data/val 12/val 12/railway/railway799.jpg,3,3,railway,railway,0.6768550276756287,True
data/val 12/val 12/railway/railway800.jpg,3,3,railway,railway,0.81940758228302,True
